{
  "defaults": [
    {
      "name": "Off",
      "presetIndex": 0,
      "settings": {
        "16000Hz": 0,
        "8000Hz": 0,
        "4000Hz": 0,
        "2000Hz": 0,
        "1000Hz": 0,
        "500Hz": 0,
        "250Hz": 0,
        "125Hz": 0,
        "64Hz": 0,
        "32Hz": 0
      }
    },
    {
      "name": "Jazz",
      "presetIndex": 1,
      "settings": {
        "16000Hz": 4,
        "8000Hz": 3,
        "4000Hz": 1,
        "2000Hz": 0,
        "1000Hz": -1.5,
        "500Hz": -1.5,
        "250Hz": 2.5,
        "125Hz": 1,
        "64Hz": 3,
        "32Hz": 4
      }
    },
    {
      "name": "Vocal",
      "presetIndex": 2,
      "settings": {
        "16000Hz": -1.5,
        "8000Hz": 0,
        "4000Hz": 1.5,
        "2000Hz": 3,
        "1000Hz": 3.5,
        "500Hz": 3.5,
        "250Hz": 1,
        "125Hz": -3,
        "64Hz": -3,
        "32Hz": -1.5
      }
    },
    {
      "name": "Bass",
      "presetIndex": 3,
      "settings": {
        "16000Hz": 0,
        "8000Hz": 0,
        "4000Hz": 0,
        "2000Hz": 0,
        "1000Hz": 0,
        "500Hz": 0.5,
        "250Hz": 2.5,
        "125Hz": 3,
        "64Hz": 4,
        "32Hz": 6
      }
    }
  ],
  "selected": "Off"
}